Car,Model,Volume,Weight,CO2
Toyota,Aygo,1000,775,109
Mitsubishi,Space Star,1300,1095,164
Skoda,Citigo,1000,929,105
Fiat,500,875,1015,99
Mini,Cooper,1600,1150,187
VW,Up!,1000,929,105
Skoda,Fabia,1400,1040,158
Mercedes,A-Class,1500,1225,148
Ford,Fiesta,1500,1285,136
Audi,A1,1500,1181,119
Hyundai,I20,1250,1045,124
Suzuki,Swift,1300,965,143
Ford,Fiesta,1000,1243,114
Honda,Civic,1400,1256,131
Hyundai,I30,1600,1271,118
Opel,Astra,1600,1165,156
BMW,1,1600,1180,181
Mazda,3,2200,1455,224
Skoda,Rapid,1400,1236,134
Ford,Focus,2000,1345,170
Ford,Mondeo,1600,1335,177
Opel,Insignia,2000,1613,189
Mercedes,C-Class,2000,1355,225
Skoda,Octavia,1500,1170,113
Volvo,S60,2000,1474,210
Mercedes,CLA,1600,1395,126
Audi,A4,2000,1340,192
Audi,A6,2000,1520,190
Volvo,V70,2000,1500,217
BMW,5,2000,1705,114
Mercedes,E-Class,2000,1615,142
Volvo,XC70,2400,1636,251
Ford,B-Max,1600,1308,149
BMW,216,1500,1405,99
Opel,Zafira,1600,1505,170
Mercedes,SLK,2500,1395,120
Lexus,IS200,3000,1475,256
Mazda,MX5,1800,1150,167
Mazda,RX8,1300,1390,299
Mazda,RX7,1300,1310,262
Nissan,350z,3500,1545,273
Nissan,Silvia,2000,1240,220
Nissan,Skyline,2500,1530,176
Toyota,Corolla,1300,1010,165
Toyota,Celica,1800,1075,185
Toyota,Supra,3000,1615,198